id,Label
4.02449E+14,@pighway
3.68969E+11,@llana2626
7.65596E+14,@daveydelphia76
1.3687E+14,@hasanthehun
8.40079E+14,@renderun2seazer
1.18983E+15,@forevereversley
2.1549E+14,@codeezyt
4.33539E+14,@bigbasil85
1.46653E+14,@jaredkotler
2.84471E+14,@mdiomyx
1.68916E+11,@tomtwit01
1.78418E+14,@lovepaigexoxo
2.152E+14,@ley_rwm
1.33058E+14,@sange168
2.74143E+14,@hopkin_frank
2.07169E+14,@vioettesboi
6.78736E+14,@obeydiosa
1.4816E+15,@rt_feet
1.25962E+14,@oreckys_t
3.43049E+14,@renoomokri
1.94555E+14,@those2lenas
29803936348,@ebraeden
4.5661E+14,@lizschzz
58711572016,@herlove4pearls
2.77604E+14,@papi_trulo
2.34847E+14,@s_grizzlyy
39971549934,@teaandfrozenpea
2.62277E+11,@lovelovemelou
1.04798E+14,@tjinreg
2.59336E+11,@kellidpowers
1.46479E+15,@lavieenrose108
1.97921E+14,@zenobiatilpalmy
2.12957E+14,@mouseinhouse05
3.57224E+11,@zabbott100m
2.52468E+14,@lisacar78228295
72558494982,@csimmsqb
1.92572E+14,@chiqitaypicosa
4.171E+14,@bonitaaboricua_
2.18419E+14,@xshinibi
50245567013,@elkehol
1.50692E+14,@patroitawakened
8838497581,@catturd2
1.07414E+14,@elonmusk
2.06756E+14,@kathyupstate
1.61368E+14,@muellershewrote
1.45618E+14,@theleoterrell
1.3346E+14,@kalpesh__tweets
4.25805E+14,@lxvrene
3.88983E+14,@lowkeyalbert
1.17755E+14,@dub1220
71011774235,@graham_sfn
1.23267E+14,@yun_byrm
1.943E+14,@ctrlled
2.31313E+14,@bendyjw
1.43475E+15,@burgerballs9
1.30056E+14,@dysfunking
1.54163E+11,@gladysnunez94
1.66669E+14,@mamamorgann
1.1541E+11,@majesticmaxwel
2.50598E+14,@jai_yellow
17048584270,@obianujuu__
1.17957E+14,@raymondnkannebe
5.85988E+14,@atiku
1.937E+14,@xxxclarkyyxxx
1.01501E+16,@lastspartanking
2.17025E+14,@maryxenophon1
1.64821E+14,@ultradane
1.47227E+15,@gunthereagleman
79667539019,@iluvpaula__
5.71675E+14,@carlg_dev
3.59591E+14,@belaccoke
1.25443E+11,@lensprotocol
2.6542E+14,@alephantee
1.80075E+14,@marioavzquez
1.59186E+15,@lareonis
2.92015E+11,@augustdeyote
1.96174E+14,@abdaniellesmith
4.43201E+14,@sunrickbell
2.43819E+14,@oh_donny_boy_
3.49651E+11,@pow6490
1.49278E+14,@sunshinebinitie
4.45586E+14,@stokesrj2
1.85048E+15,@isaachayes3
1.4905E+14,@dccomics
58615925843,@compoundingbull
3.00547E+14,@cramertracker
6.14422E+14,@flaqtallorona
1.17703E+14,@miranda06170699
3.24274E+14,@gabrielysd83
82813671947,@osmerlin62
2.17143E+14,@bombinight
4.18445E+14,@unamentirosaa
3.17227E+14,@nocqponercsm
1.8432E+14,@otranenalinda
3.17646E+14,@luisitoxds
3.09265E+14,@sufrida_23
1.7379E+14,@9rg_lol
1.6139E+14,@froufrou1949
31769674454,@benny_mrx
3.28272E+14,@honeckerleia
1.24002E+14,@janimiiru
2.27991E+14,@shockon1
1.24627E+15,@yinkalayioye
1.134E+14,@officialmisskdk
1.39339E+14,@onzurum
5.03836E+14,@marvymichaelz
2.13966E+11,@tochi_oke
39106648118,@dabiggestdunk
6.33846E+14,@game7snxg
3.53755E+14,@xashyria
1.6801E+11,@xtasoo
1.63604E+14,@xsinsyt
1.10002E+15,@kiddydimmy
1.2273E+14,@candeegirl_
6979393237,@tea_witdre
1.51999E+14,@beingsalmankhan
1.15698E+14,@colorstv
2.58114E+14,@endemolshineind
1.7321E+14,@wexlerrules
2.04654E+11,@clay_senator
1.17545E+14,@psltoflushing
1.52884E+15,@i_moxxie
2.65472E+11,@minaetea
1.57179E+14,@girlsday312
72919441588,@mtaibbi
4.79218E+14,@marcus43265385
1.95404E+14,@_nyynews
1.83628E+11,@boomerwells33
1.08299E+11,@brokewriter89
6.26738E+14,@kerrickduchy
1.61648E+14,@ivanestradasal1
1.33214E+14,@dd0novan
4.89429E+14,@umbeckyy
4.17758E+14,@walescomiccon
3.36112E+14,@jessicatrosen
1.38305E+14,@rexchapman
4.48819E+14,@chucksm11835550
3.29314E+14,@billspodcast17
7.8727E+14,@builtinbuffalo_
2.39772E+11,@croteam17
3.40817E+14,@ellektrikk
5.92941E+14,@nottheoneortwo
2.73955E+14,@west1116c
1.60513E+14,@theeebambi2
1.67285E+14,@lovecraftcuntry
3.25329E+11,@mcwm
68177874032,@semaforben
4.67456E+14,@maxwelltani
2.38235E+14,@oneunderscore__
1.2049E+14,@wtfitsj
1.61048E+15,@mmeatloaf7
7144906559,@mike_suave167
3.77989E+14,@_annastesia
1.98175E+14,@justcallmeoprah
1.10247E+11,@rubenva65000956
5.84782E+14,@realsaltyslim
1.28177E+14,@ronfilipkowski
5.71384E+14,@mrcatfr
1.73933E+11,@auba_blaadclaat
43473682279,@thee_director
1.35004E+14,@francisk_254
1.60531E+14,@lordessjohjoh
2.81111E+14,@kenyans
49760289966,@spy02108291
2.98416E+11,@jjeungg606___
1.4512E+15,@bootslave237
1.33666E+14,@queenmedusa551
3.3867E+14,@yuleheibel
3.5271E+11,@normonics
13166590145,@dklanc12
2.01729E+14,@ann91237283
2.12719E+14,@ken_nieman
3.84108E+14,@bowtiedbroseidn
3.21602E+14,@jbm1929
2.05934E+14,@parthso03370932
1.38419E+14,@userdead_lol_
2.31256E+14,@artdumptruck
3.58948E+14,@birdrespecter
5.04998E+14,@mokhalatte
1.42743E+14,@theehonestandy
2.3287E+11,@stevedeleeuw
2.95895E+14,@mygnarlybeard
1.95072E+14,@perc30shorty
1.0687E+14,@jacquexomarie
1.15974E+14,@binestom
4.88966E+14,@_atomhlokifan
5.6159E+14,@chrono_fan
1.42519E+11,@brfootball
21717766712,@1phd_engineer
1.33042E+14,@abughazalehkat
1.87702E+14,@tagg_teflon
1.28605E+14,@rudelilmf
1.32198E+14,@suburbhermit99
3.80872E+11,@jasminexeth
2.2962E+11,@therealblacknet
4.00008E+14,@proximasan
5.62807E+14,@sunflowersoul18
3.08826E+14,@cree_eight_iv
1.27639E+14,@cattisanerd
1.34049E+14,@seapernatural
59699097994,@paule0012
3.49649E+14,@joogis3
1.20283E+14,@tunnykvng
3.95832E+14,@kristiangs
1.33125E+14,@uhcaribe
86672264842,@itsrexzo
1.17098E+14,@shake_n_blake93
3.3665E+14,@wearecavsnation
1.56667E+15,@sichrismannix
2.59026E+14,@lewix__
2.87928E+14,@teamvitality
3.51194E+14,@shynouh
7.29547E+14,@otp_lol
48543634386,@rebeudeter
4.47225E+14,@weesiie
3.45163E+14,@just_mlle
3.56522E+14,@peaxytv
3.57924E+14,@penwingstar
1.82148E+14,@shivkisenaa
87171216223,@youtubermrjoy
2.0846E+14,@sandskrithands
1.29826E+14,@in01970
3.8073E+14,@scooperon7
1.33129E+14,@7news
1.90911E+14,@_msholiday
3.13398E+11,@maine_char
1.1795E+14,@a_ningja_turtle
1.07592E+14,@hollard_dal
1.68259E+14,@iuketv
2.31347E+14,@isaginerdola
2.97774E+14,@yuukzy
4.0453E+14,@trtglia_
1.73445E+15,@ashleybee89
83166933592,@m_nick89
2.21839E+14,@leitnerkaylie
1.53638E+11,@radarlakekosh
31819402173,@cuntyb4ws
1.38144E+14,@boss9fan
9.02318E+14,@pinknews
1.5622E+14,@leevtol
1.619E+14,@bariweiss
4.95944E+14,@thehonestlypod
1.30818E+14,@rokhanna
2.35906E+14,@meggleberries
1.86567E+14,@for3jt
1.03153E+11,@knife11knife
5.26749E+14,@lilacandbirch_
1.57162E+14,@bronwentate
1.72441E+14,@berakab
3.47699E+14,@ohdolll
1.3434E+14,@moe744
5.42388E+14,@alyciambaum
1.00234E+11,@lewissailingf1
1.65461E+11,@michaelcarlbudd
3.20265E+14,@keegzzz
1.09296E+11,@flossgawd
1.64994E+15,@isaac4o8
1.20637E+11,@royalherd
6.8088E+14,@aoc
1.70587E+14,@tonyton10525529
1.48924E+14,@punished_catbus
1.91755E+14,@scottagram
4.67115E+14,@eliseandrews40
2.14714E+14,@danielr01206
7.84254E+14,@backonthe_grid
50046157045,@richard24553717
6.80905E+14,@taintedbrony
62675969126,@powerrangersday
4.05829E+14,@xelor_official
2.57103E+14,@oweinh
1.47139E+14,@womenlover420
4.46656E+11,@avartwork
1.27822E+14,@a_nawin_62
3.59064E+14,@cum_vn2_1
2.30347E+14,@memeline_tupou
4.50331E+14,@colonelflusterd
1.34949E+14,@maxfalkowitz
73921188213,@artsbluhm
1.53828E+15,@roozrook
1.27243E+11,@cabaretdays
2.31194E+11,@docmat_1977
2.99331E+11,@realsexycyborg
1.3433E+14,@_jbonee
3.01785E+14,@keinetraene_
2.59618E+14,@bgefuckt
18595834696,@ktrainusa_stepn
6.96835E+14,@emoneymoves
1.29486E+14,@raditjoo
1.64256E+14,@nottodaymyfren
1.90453E+14,@torweee
3.62723E+14,@cl350pic
3.16874E+14,@ice2483
1.53989E+11,@linsentee
2.00854E+11,@steveg37122384
1.25043E+14,@btc_archive
5.79685E+14,@frazmoney93
15508591668,@reggie_bflo
4.22538E+14,@muffin_ari
1.71897E+15,@ianofoswestry
1.00023E+11,@ramble_chungi
1.43534E+14,@santoryustar
3.3308E+14,@madonna78931322
1.43131E+14,@layiwe_94
48754878397,@hdbreakout17
2.56254E+11,@friia10
2.24384E+11,@alx
4.98752E+14,@agonistkira
1.53725E+15,@itsleighchan
1.8482E+14,@lynchscott41
1.27613E+14,@i_amthegame
2.4526E+14,@coopz___
1.29034E+14,@nellisauce
9.94733E+14,@fmdave20
1.25528E+14,@smokedpxcked
5.45724E+14,@utdtrey
2.48409E+14,@xswezzy8
2.9627E+11,@sbl2twin
1.44243E+11,@coolaltcat7
2.97726E+14,@xdcourtneymarie
1.93077E+15,@roboticjoey
2.22894E+14,@persiancatladyj
1.60665E+14,@a_darkcorner
39229110919,@yutapocketpussy
1.5516E+14,@ieeminking
9.54494E+14,@matthew08448757
1.66621E+15,@jeanorjeanny
3.38749E+11,@writerjcyoung
1.55018E+14,@libbyemmons
1.62804E+14,@marisol880988
3.0022E+11,@lovelyy_am
1.86855E+14,@papapishu
1.71146E+14,@epitasis
5.09144E+14,@btrill2100
1.1735E+14,@zerp589
1.06076E+14,@davidmo40476566
3.07234E+14,@davidwe94929686
6.30749E+14,@naruto_obi
1.28213E+14,@bitboy_crypto
3.35383E+14,@peteat13
4.34829E+14,@raheemj20646983
2.95457E+14,@immascallywag
1.5936E+11,@the_anni3
1.54801E+14,@arturito24x
3.18597E+14,@rogue
1.53605E+15,@szygendalol
2.89798E+14,@arvindir_lol
90354836008,@keemo_t
2.82282E+14,
2.1552E+14,
2.11711E+14,@midwestjames90
1.45117E+15,@greggygainz
2.16856E+14,@dagorenouf
1.06859E+14,@apex_zy
1.7648E+14,@beawolf_17
1.86246E+11,@lightof1010
1.66481E+14,@lauraloomer
3.86531E+14,@adl
1.08011E+11,@reopenchris
3.76969E+14,@govrondesantis
4.03789E+14,@christinapushaw
1.99494E+14,@_miss__jay__
4.17196E+14,@bullswif
1.49061E+14,@daniphantom001
1.63404E+14,@__tooblessed__
22343544970,@yaskrasotka
1.14659E+14,@brycent_
1.59419E+14,@playwildcard
1.11859E+14,@nag_j1
2.98498E+14,@greeshm88485096
2.84063E+14,@oogiecatt
1.48051E+14,@logically_jc
2.05632E+14,@mzzrach
1.65234E+15,@tinyhoseoki
1.74388E+11,@noshv1
5.41273E+14,@josie__joestar
1.49804E+14,@valorantde
1.53613E+14,@lovely_pisces49
3.29837E+14,@libragoddess415
2.05123E+14,@cook_esport
8.38284E+14,@cogabrom
1.23773E+14,@kitano_lol
14837382209,@kallesyn
7.39257E+14,@blackgryf
3.75639E+14,@_manguier
4.30475E+14,@theoloris2
1.32305E+11,@o3_9o00
1.15362E+14,@reticentprose
1.53668E+14,@ogmelo_
3.08001E+11,@smartest_dude
1.79866E+14,@cookie1ang
94028442472,@javien114
32384867682,@shella50139238
2.06639E+14,@fiffywm
1.11637E+14,@78fiican
1.63373E+11,@mailplus
1.60078E+14,@re_dailymail
99653044169,@rachelslacey
4.17095E+14,@tjdallas7
1.57426E+14,@tjwattfordpoy
1.21885E+14,@slimkhan90
4.55072E+14,@nysportscomment
5.62479E+14,@d_duch96
1.5112E+14,@sportscenter
1.58054E+14,@kelseyplum10
2.90972E+14,@nbaontnt
1.10314E+14,@pokesondra
3.88589E+14,@tati_wm
50454681422,@chefmade_92
1.32882E+14,@morse_aries
1.10672E+14,@powerofsouul
3.74748E+14,@joshtpm
3.30996E+14,@halamadrid_012
2.72332E+14,@koi
2.79936E+11,@trymbilol
2.06393E+14,@mademeperfect
4.47402E+14,@mjohn1189
78934590040,@siraj87sf
1.01723E+14,@rovercrc
1.29221E+14,@swansongnc
1.00961E+14,@chrispolo__
6.31553E+14,@pstrzoker
1.54647E+14,@joebiden
1.18992E+11,@georgecormack10
4.3166E+14,@mikeross_yyc
55341356095,@mikebarretton
1.13755E+14,@bizzlechillin
2.00349E+11,@tribune34
1.96489E+14,@_6randonl
4.99513E+14,@bigraylo
1.25738E+14,@redbeame
1.13002E+14,@bzbanditttt_
1.19392E+14,@mokiawa
82034284246,@chipsnnsalsa
1.25126E+11,@andyngu95057032
1.14473E+14,@abrar_gurmani
9.76838E+14,@tuynngu11242231
3.4373E+14,@binzsegay
3.82522E+14,@cimani__
4.11495E+14,@iushwrid
2.73186E+14,@mthtpdsht
1.57683E+14,@alexandrovnaing
1.5845E+14,@raritycabinet
1.44904E+14,@lior_eth
2.17993E+14,@manyfacedgod20
2.50133E+14,@ani
1.4266E+15,@lachinchillades
90378933554,@chazaarg
1.92537E+14,@punkiessidebitz
1.26569E+14,@cryptofinally
1.41995E+14,@upendra67889529
1.7146E+14,@peter_dageneral
1.56907E+11,@olamidetheboss1
1.35135E+14,@johnolonade1
12135179877,@meuuchino
81367538651,@radiosyheem215
4.02614E+14,@biglonamath
3.60602E+14,@suzettetrump
1.4447E+15,@jeanmarcleger1
1.84757E+14,@duffbrews
44084477240,@philfox43249797
2.4646E+14,@ghost_of_givi
3.49931E+11,@ajdelgado13
2.42217E+14,@aaronmi15100412
1.82874E+14,@deserveams
1.57593E+11,@itsnotlonelyboy
1.13805E+14,@starfallgoddess
1.77731E+14,@carrmaduke
6657899956,@carmencastle13
1.73167E+14,@glaceonthesus
86744073413,@pokemonbewillin
2.2845E+14,@name3828429
1.3755E+14,@puffercatt
1.74133E+14,@altintosh
3.78952E+14,@akane_igarasi
1.0628E+11,@biinschiki
60908652688,@sudaxxx2
2.52167E+11,@sonny_brisko
1.69848E+14,@quanskywalker23
1.87201E+14,@_unbreleaveable
6.02829E+14,@coachhypull
93172118521,@davidra
1.97557E+14,@charliekirk11
1.69235E+14,@ctejasawi
1.01234E+14,@musukuniv
4.02823E+14,@skylilax
1.85556E+15,@abcde61311279
3.76225E+14,@quangcuong6789
1.56023E+14,@haidang1197
91893020406,@atadbitfeisty
2.68181E+14,@jayinshambles
1.18884E+11,@leeyher_x
1.65238E+14,@zubairthedream
7.61089E+14,@warrior27549890
1.17373E+14,@aruunemo
3.06461E+11,@th2004cp
1.13411E+14,@loudgg
1.48887E+14,@route_lol
5.83888E+14,@maga_plumber
4.70046E+14,@warhammertimeii
4.7914E+14,@nicky91636771
3.35576E+14,@lvatulko
1.50486E+15,@kremlincardinal
1.01317E+11,@notyourbishop
1.41263E+14,@dkainen
7.47374E+14,@tomjumbogrumbo
2.71546E+11,@ann4b3l
8966519227,@rahulkohli13
3.22717E+14,@demetrius86
1.89189E+14,@saltiest_gaming
1.34813E+11,@aveyk2
1.06027E+11,@thebestfights_
2.80156E+11,@mmamakgone
1.4093E+15,@nomxhok
1.77861E+11,@dreams_icey
8.87093E+14,@gritty_pr
1.10234E+11,@drcarter2023
1.34192E+11,@wakeup_mrw3st
1.52233E+15,@kyla_lacey
1.07303E+14,@shmokayyy
1.59243E+14,@bailyssk
46882171097,@private_pov
1.9165E+14,@ykobarbie
2.1638E+14,@kittmikabarbie
1.52071E+15,@latto
2.20004E+11,@bia_arroyo
2.69491E+14,@formerrepub411
2.22503E+14,@citizensfedup
1.89575E+14,@dr_fabzz
2.27651E+11,@tobit_st
1.08435E+11,@fl2dzee
1.85132E+14,@myt_mouse76
2.71057E+14,@carameljawn
1.65237E+14,@amberg96
1.48758E+11,@undertakerasia
1.44976E+15,@reed_oc
7854678793,@jayrembert2
1.51711E+15,@mauronl3
7937537302,@tdemdoya
1.91755E+14,@koreaboo
1.69279E+14,@shiziah303
63398470842,@kung_joop
2.71193E+14,@cet586
1.4968E+15,@stephenking
72128548261,@fsonic3
3.43577E+14,@snaggypeets
1.75219E+14,@blake3one6
36219199931,@drtre81
1.4165E+15,@bullseasonhmm
3.73751E+14,@mintpressnews
3.33565E+14,@3ptprince
1.60304E+14,@ejirr0
3.82587E+14,@extrmtxy
1.51441E+14,@krissylionz
21543405100,@why6969420420
1.57583E+14,@georgeaguileraa
1.94309E+14,@blackaerith
3.90643E+14,@cloudxaerith
6.2402E+14,@krijeev
3.96431E+14,@planetcryptooo
1.13284E+14,@chinapumpwxc
19836964440,@frankinscence
1.49708E+15,@jacs1924
1.33943E+11,@royal_suitor
4.68826E+14,@whiteramson
3.08357E+14,@misshalcyonbird
1.01615E+14,@deviantnewt
2.90821E+14,@mrwhite1079
1.05224E+14,@cjtdevil
1.22412E+14,@bleesinggm
1.62726E+14,@brobbeyraymond
1.15085E+14,@47kasz
1.25283E+11,@aystickz
5.54011E+14,@_prettydope2
1.14664E+11,@troycum37301286
6.93387E+14,@darealp1ggyfan
58027378681,@buildintogames
1.00751E+14,@ct_5555s
3.62867E+14,@hales_ted
1.01501E+16,@conceptualjames
1.57342E+15,@timcast
1.65569E+15,@hylianh3ro
4.6072E+14,@claytoncyre
1.87225E+14,@blueeyedguy08
52569966012,@papitrumpo
91702965455,@aquadreams237
47575451523,@deena59857950
53320451411,@nyan64_nsfw
7.28928E+14,@countdankulatv
18618646804,@brokekanye
38614264036,@nocontextkd7
4.14249E+14,@_miindy
2.0074E+14,@_lamy613
3.90241E+14,@bandogurrl
92873089221,@eli_leexxx
2.21727E+14,@iamabiolla
3.41106E+14,@andreaonhbo
1.66614E+14,@aurayal
1.58727E+14,@jak70760853
3.95469E+14,@hardy07840904
2.80459E+11,@slowquacious
2.23109E+14,@tmcintyreformla
1.49169E+15,@denniskendel
2.03422E+14,@premierscottmoe
49647718129,@cbcsask
2.87669E+14,@ctvregina
2.59642E+11,@globalregina
2.33778E+14,@jeffwalterssask
84369401553,@carlabecksk
5.06093E+14,@mmandryk
5.04438E+14,@aogieglo
2.71854E+14,@carlainsask
1.21863E+14,@brent_thoma
3.72984E+11,@hinz_tamara
1.14582E+11,@maxfawcett
1.32257E+14,@pokemonszn
3.05811E+14,@danialfikri02
1.06557E+14,@myemmitt
2.44033E+14,@millions
1.19128E+14,@darsh23
1.05059E+14,@namitajaihind
